cycle,quesito_id,item_id,item_text
2021-2024,1,1.1,"Articulação, aderência e atualização das áreas de concentração, linhas de pesquisa, projetos em andamento e estrutura curricular, bem como a infraestrutura disponível, em relação aos objetivos, missão e modalidade do Programa."
2021-2024,1,1.2,Perfil do corpo docente e sua compatibilidade e adequação à Proposta do Programa.
2021-2024,1,1.3,"Planejamento estratégico do Programa, considerando também articulações com o planejamento estratégico da instituição, com vistas à gestão do seu desenvolvimento futuro, adequação e melhorias de infraestrutura e melhor formação de seus alunos, vinculada à produção intelectual – bibliográfica, técnica e/ou artística."
2021-2024,1,1.4,"Processos, procedimentos e resultados da autoavaliação do Programa, com foco na formação discente e produção intelectual."
2021-2024,2,2.1,"Qualidade e adequação das teses, dissertações ou equivalente em relação às áreas de concentração e linhas de pesquisa do Programa."
2021-2024,2,2.2,Qualidade da produção intelectual de discentes e egressos.
2021-2024,2,2.3,"Destino, atuação e avaliação dos egressos do Programa em relação à formação recebida."
2021-2024,2,2.4,Qualidade das atividades de pesquisa e da produção intelectual do corpo docente no Programa.
2021-2024,2,2.5,Qualidade e envolvimento do corpo docente em relação às atividades de formação no Programa.
2021-2024,3,3.1,Impacto e caráter inovador da produção intelectual em função da natureza do Programa.
2021-2024,3,3.2,"Impacto econômico, social e cultural do Programa."
2021-2024,3,3.3,"Internacionalização, inserção (local, regional, nacional) e visibilidade do Programa."
2025-2028,1,1.1,"Identidade e condições de funcionamento do Programa: missão, corpo docente, infraestrutura, articulação entre áreas de concentração, linhas/projetos de pesquisa e estrutura curricular"
2025-2028,1,1.2,"Princípios, procedimentos e usos dos resultados da autoavaliação alinhados ao planejamento estratégico do Programa"
2025-2028,1,1.3,"Planejamento estratégico do Programa em articulação com o Plano de Desenvolvimento Institucional ou equivalente, incluindo as políticas afirmativas e de promoção de equidade"
2025-2028,2,2.1,"Qualidade das teses, dissertações ou equivalentes e adequação às áreas de concentração e linhas de pesquisa do Programa"
2025-2028,2,2.2,Destino e atuação dos egressos do Programa em relação à formação recebida
2025-2028,2,2.3,Qualidade da produção intelectual de discentes e egressos do Programa
2025-2028,2,2.4,Qualidade das atividades de pesquisa e da produção intelectual do corpo docente do Programa
2025-2028,3,3.1,"Inserção, visibilidade, popularização da ciência"
2025-2028,3,3.2,"Inovação, transferência e compartilhamento de conhecimento"
2025-2028,3,3.3,Impactos do Programa para a sociedade
