check,value,expected,pass
dashboard_project_exists,1,1,TRUE
dashboard_git_repository_exists,1,1,TRUE
dashboard_core_files_exist,1,1,TRUE
upstream_three_wave_qa_all_pass,1,1,TRUE
upstream_semantic_qa_all_pass,1,1,TRUE
upstream_synthesis_qa_all_pass,1,1,TRUE
pilot_areas,3,3,TRUE
pilot_cycles,3,3,TRUE
architecture_rows_collapsed,9,9,TRUE
architecture_uniform_across_areas,9,9,TRUE
stable_weight_pairs_2017_to_2021,72,72,TRUE
total_weight_pairs_2017_to_2021,72,72,TRUE
unchanged_weight_operators_2017_to_2021,72,72,TRUE
safe_semantic_relations,7,7,TRUE
semantic_classes,5,5,TRUE
semantic_class_total_items,12,12,TRUE
psychology_AP_pattern,1,1,TRUE
chemistry_AP_pattern,1,1,TRUE
public_health_AP_pattern,1,1,TRUE
psychology_current_operator_exact,1,1,TRUE
chemistry_current_operator_minimum,1,1,TRUE
public_health_current_operator_exact,1,1,TRUE
psychology_safe_change_rows,14,14,TRUE
chemistry_safe_exact_change_rows,0,0,TRUE
public_health_safe_change_rows,14,14,TRUE
consolidation_area_rows,3,3,TRUE
claims_rows,8,8,TRUE
pilot_json_created,1,1,TRUE
pilot_json_nonempty,1,1,TRUE
pilot_json_parseable,1,1,TRUE
