area,cycle,source_document_id,source_file,chunk_id,chunk_index,start_page,end_page,recommendation_id,recommendation_label,candidate_n,pro_n,contra_n,adjacent_n,reviewed_n,included_final_n,subcriteria_with_candidates_n,has_pro_candidate,has_contra_candidate,has_adjacent_candidate,screening_status,screening_status_label_pt,visual_state,visual_state_label_pt,evidence_scope,pilot_stage,document_level_classification_available,not_identified_allowed,human_review_complete,safe_for_final_area_inference,safe_for_ranking
Psicologia,2025-2028,CAPES_213,psico-ficha.pdf,Psicologia__2025-2028__CAPES_213__CH0006,6,18,21,RBR01,Diversificar o uso de métricas quantitativas para além do veículo de publicação.,0,0,0,0,0,0,0,FALSE,FALSE,FALSE,no_candidate_in_selected_chunk,Nenhuma evidência candidata neste chunk do piloto,no_candidate,Sem evidência candidata neste chunk,selected_chunk_only,interactive_proof_of_concept,FALSE,FALSE,FALSE,FALSE,FALSE
Psicologia,2025-2028,CAPES_213,psico-ficha.pdf,Psicologia__2025-2028__CAPES_213__CH0006,6,18,21,RBR02,Enfatizar a avaliação qualitativa da produção científica do programa.,3,2,0,1,0,0,3,TRUE,FALSE,TRUE,candidate_evidence_present,Há evidência candidata no chunk selecionado,pro_plus_adjacent,Sinal favorável + evidência adjacente,selected_chunk_only,interactive_proof_of_concept,FALSE,FALSE,FALSE,FALSE,FALSE
Psicologia,2025-2028,CAPES_213,psico-ficha.pdf,Psicologia__2025-2028__CAPES_213__CH0006,6,18,21,RBR03,"Valorizar a disponibilização de artigos, teses e dissertações em acesso aberto.",0,0,0,0,0,0,0,FALSE,FALSE,FALSE,no_candidate_in_selected_chunk,Nenhuma evidência candidata neste chunk do piloto,no_candidate,Sem evidência candidata neste chunk,selected_chunk_only,interactive_proof_of_concept,FALSE,FALSE,FALSE,FALSE,FALSE
Psicologia,2025-2028,CAPES_213,psico-ficha.pdf,Psicologia__2025-2028__CAPES_213__CH0006,6,18,21,RBR04,"Valorizar o compartilhamento de dados, materiais, códigos e outros produtos de pesquisa.",0,0,0,0,0,0,0,FALSE,FALSE,FALSE,no_candidate_in_selected_chunk,Nenhuma evidência candidata neste chunk do piloto,no_candidate,Sem evidência candidata neste chunk,selected_chunk_only,interactive_proof_of_concept,FALSE,FALSE,FALSE,FALSE,FALSE
Psicologia,2025-2028,CAPES_213,psico-ficha.pdf,Psicologia__2025-2028__CAPES_213__CH0006,6,18,21,RBR05,Valorizar o treinamento em metodologia científica e práticas abertas e reprodutíveis.,0,0,0,0,0,0,0,FALSE,FALSE,FALSE,no_candidate_in_selected_chunk,Nenhuma evidência candidata neste chunk do piloto,no_candidate,Sem evidência candidata neste chunk,selected_chunk_only,interactive_proof_of_concept,FALSE,FALSE,FALSE,FALSE,FALSE
Psicologia,2025-2028,CAPES_213,psico-ficha.pdf,Psicologia__2025-2028__CAPES_213__CH0006,6,18,21,RBR06,"Valorizar a existência de políticas de integridade científica, gestão de dados e/ou ciência aberta no programa.",0,0,0,0,0,0,0,FALSE,FALSE,FALSE,no_candidate_in_selected_chunk,Nenhuma evidência candidata neste chunk do piloto,no_candidate,Sem evidência candidata neste chunk,selected_chunk_only,interactive_proof_of_concept,FALSE,FALSE,FALSE,FALSE,FALSE
Psicologia,2025-2028,CAPES_213,psico-ficha.pdf,Psicologia__2025-2028__CAPES_213__CH0006,6,18,21,RBR07,Valorizar a abertura de contribuições educacionais do programa para além de seu corpo discente.,1,1,0,0,0,0,1,TRUE,FALSE,FALSE,candidate_evidence_present,Há evidência candidata no chunk selecionado,pro_only,Sinal favorável,selected_chunk_only,interactive_proof_of_concept,FALSE,FALSE,FALSE,FALSE,FALSE
Psicologia,2025-2028,CAPES_213,psico-ficha.pdf,Psicologia__2025-2028__CAPES_213__CH0006,6,18,21,RBR08,Valorizar contribuições de docentes e egressos para além da produção científica.,2,2,0,0,0,0,2,TRUE,FALSE,FALSE,candidate_evidence_present,Há evidência candidata no chunk selecionado,pro_only,Sinal favorável,selected_chunk_only,interactive_proof_of_concept,FALSE,FALSE,FALSE,FALSE,FALSE
Química,2025-2028,CAPES_106,quimica-ficha.pdf,Química__2025-2028__CAPES_106__CH0002,2,5,8,RBR01,Diversificar o uso de métricas quantitativas para além do veículo de publicação.,2,0,2,0,0,0,2,FALSE,TRUE,FALSE,candidate_evidence_present,Há evidência candidata no chunk selecionado,contra_only,Tensão,selected_chunk_only,interactive_proof_of_concept,FALSE,FALSE,FALSE,FALSE,FALSE
Química,2025-2028,CAPES_106,quimica-ficha.pdf,Química__2025-2028__CAPES_106__CH0002,2,5,8,RBR02,Enfatizar a avaliação qualitativa da produção científica do programa.,2,1,0,1,0,0,2,TRUE,FALSE,TRUE,candidate_evidence_present,Há evidência candidata no chunk selecionado,pro_plus_adjacent,Sinal favorável + evidência adjacente,selected_chunk_only,interactive_proof_of_concept,FALSE,FALSE,FALSE,FALSE,FALSE
Química,2025-2028,CAPES_106,quimica-ficha.pdf,Química__2025-2028__CAPES_106__CH0002,2,5,8,RBR03,"Valorizar a disponibilização de artigos, teses e dissertações em acesso aberto.",0,0,0,0,0,0,0,FALSE,FALSE,FALSE,no_candidate_in_selected_chunk,Nenhuma evidência candidata neste chunk do piloto,no_candidate,Sem evidência candidata neste chunk,selected_chunk_only,interactive_proof_of_concept,FALSE,FALSE,FALSE,FALSE,FALSE
Química,2025-2028,CAPES_106,quimica-ficha.pdf,Química__2025-2028__CAPES_106__CH0002,2,5,8,RBR04,"Valorizar o compartilhamento de dados, materiais, códigos e outros produtos de pesquisa.",0,0,0,0,0,0,0,FALSE,FALSE,FALSE,no_candidate_in_selected_chunk,Nenhuma evidência candidata neste chunk do piloto,no_candidate,Sem evidência candidata neste chunk,selected_chunk_only,interactive_proof_of_concept,FALSE,FALSE,FALSE,FALSE,FALSE
Química,2025-2028,CAPES_106,quimica-ficha.pdf,Química__2025-2028__CAPES_106__CH0002,2,5,8,RBR05,Valorizar o treinamento em metodologia científica e práticas abertas e reprodutíveis.,0,0,0,0,0,0,0,FALSE,FALSE,FALSE,no_candidate_in_selected_chunk,Nenhuma evidência candidata neste chunk do piloto,no_candidate,Sem evidência candidata neste chunk,selected_chunk_only,interactive_proof_of_concept,FALSE,FALSE,FALSE,FALSE,FALSE
Química,2025-2028,CAPES_106,quimica-ficha.pdf,Química__2025-2028__CAPES_106__CH0002,2,5,8,RBR06,"Valorizar a existência de políticas de integridade científica, gestão de dados e/ou ciência aberta no programa.",1,0,0,1,0,0,1,FALSE,FALSE,TRUE,candidate_evidence_present,Há evidência candidata no chunk selecionado,adjacent_only,Somente evidência adjacente,selected_chunk_only,interactive_proof_of_concept,FALSE,FALSE,FALSE,FALSE,FALSE
Química,2025-2028,CAPES_106,quimica-ficha.pdf,Química__2025-2028__CAPES_106__CH0002,2,5,8,RBR07,Valorizar a abertura de contribuições educacionais do programa para além de seu corpo discente.,0,0,0,0,0,0,0,FALSE,FALSE,FALSE,no_candidate_in_selected_chunk,Nenhuma evidência candidata neste chunk do piloto,no_candidate,Sem evidência candidata neste chunk,selected_chunk_only,interactive_proof_of_concept,FALSE,FALSE,FALSE,FALSE,FALSE
Química,2025-2028,CAPES_106,quimica-ficha.pdf,Química__2025-2028__CAPES_106__CH0002,2,5,8,RBR08,Valorizar contribuições de docentes e egressos para além da produção científica.,1,0,0,1,0,0,1,FALSE,FALSE,TRUE,candidate_evidence_present,Há evidência candidata no chunk selecionado,adjacent_only,Somente evidência adjacente,selected_chunk_only,interactive_proof_of_concept,FALSE,FALSE,FALSE,FALSE,FALSE
Saúde Coletiva,2025-2028,CAPES_081,saudecoletiva-ficha.pdf,Saúde Coletiva__2025-2028__CAPES_081__CH0012,12,37,39,RBR01,Diversificar o uso de métricas quantitativas para além do veículo de publicação.,2,0,2,0,0,0,2,FALSE,TRUE,FALSE,candidate_evidence_present,Há evidência candidata no chunk selecionado,contra_only,Tensão,selected_chunk_only,interactive_proof_of_concept,FALSE,FALSE,FALSE,FALSE,FALSE
Saúde Coletiva,2025-2028,CAPES_081,saudecoletiva-ficha.pdf,Saúde Coletiva__2025-2028__CAPES_081__CH0012,12,37,39,RBR02,Enfatizar a avaliação qualitativa da produção científica do programa.,4,4,0,0,0,0,3,TRUE,FALSE,FALSE,candidate_evidence_present,Há evidência candidata no chunk selecionado,pro_only,Sinal favorável,selected_chunk_only,interactive_proof_of_concept,FALSE,FALSE,FALSE,FALSE,FALSE
Saúde Coletiva,2025-2028,CAPES_081,saudecoletiva-ficha.pdf,Saúde Coletiva__2025-2028__CAPES_081__CH0012,12,37,39,RBR03,"Valorizar a disponibilização de artigos, teses e dissertações em acesso aberto.",0,0,0,0,0,0,0,FALSE,FALSE,FALSE,no_candidate_in_selected_chunk,Nenhuma evidência candidata neste chunk do piloto,no_candidate,Sem evidência candidata neste chunk,selected_chunk_only,interactive_proof_of_concept,FALSE,FALSE,FALSE,FALSE,FALSE
Saúde Coletiva,2025-2028,CAPES_081,saudecoletiva-ficha.pdf,Saúde Coletiva__2025-2028__CAPES_081__CH0012,12,37,39,RBR04,"Valorizar o compartilhamento de dados, materiais, códigos e outros produtos de pesquisa.",0,0,0,0,0,0,0,FALSE,FALSE,FALSE,no_candidate_in_selected_chunk,Nenhuma evidência candidata neste chunk do piloto,no_candidate,Sem evidência candidata neste chunk,selected_chunk_only,interactive_proof_of_concept,FALSE,FALSE,FALSE,FALSE,FALSE
Saúde Coletiva,2025-2028,CAPES_081,saudecoletiva-ficha.pdf,Saúde Coletiva__2025-2028__CAPES_081__CH0012,12,37,39,RBR05,Valorizar o treinamento em metodologia científica e práticas abertas e reprodutíveis.,0,0,0,0,0,0,0,FALSE,FALSE,FALSE,no_candidate_in_selected_chunk,Nenhuma evidência candidata neste chunk do piloto,no_candidate,Sem evidência candidata neste chunk,selected_chunk_only,interactive_proof_of_concept,FALSE,FALSE,FALSE,FALSE,FALSE
Saúde Coletiva,2025-2028,CAPES_081,saudecoletiva-ficha.pdf,Saúde Coletiva__2025-2028__CAPES_081__CH0012,12,37,39,RBR06,"Valorizar a existência de políticas de integridade científica, gestão de dados e/ou ciência aberta no programa.",0,0,0,0,0,0,0,FALSE,FALSE,FALSE,no_candidate_in_selected_chunk,Nenhuma evidência candidata neste chunk do piloto,no_candidate,Sem evidência candidata neste chunk,selected_chunk_only,interactive_proof_of_concept,FALSE,FALSE,FALSE,FALSE,FALSE
Saúde Coletiva,2025-2028,CAPES_081,saudecoletiva-ficha.pdf,Saúde Coletiva__2025-2028__CAPES_081__CH0012,12,37,39,RBR07,Valorizar a abertura de contribuições educacionais do programa para além de seu corpo discente.,0,0,0,0,0,0,0,FALSE,FALSE,FALSE,no_candidate_in_selected_chunk,Nenhuma evidência candidata neste chunk do piloto,no_candidate,Sem evidência candidata neste chunk,selected_chunk_only,interactive_proof_of_concept,FALSE,FALSE,FALSE,FALSE,FALSE
Saúde Coletiva,2025-2028,CAPES_081,saudecoletiva-ficha.pdf,Saúde Coletiva__2025-2028__CAPES_081__CH0012,12,37,39,RBR08,Valorizar contribuições de docentes e egressos para além da produção científica.,2,2,0,0,0,0,2,TRUE,FALSE,FALSE,candidate_evidence_present,Há evidência candidata no chunk selecionado,pro_only,Sinal favorável,selected_chunk_only,interactive_proof_of_concept,FALSE,FALSE,FALSE,FALSE,FALSE
