area,recommendation_id,recommendation_label,cycle,cycle_order,cycle_label_pt,source_document_id,source_file,chunk_id,chunk_index,start_page,end_page,candidate_n,pro_n,contra_n,adjacent_n,reviewed_n,included_final_n,subcriteria_with_candidates_n,visual_state,screening_status,screening_status_label_pt,analysis_status,analysis_status_label_pt,cell_state,cell_state_label_pt,screening_scope,not_identified_allowed,longitudinal_change_inference_allowed,raw_candidate_counts_are_scores,safe_for_ranking,safe_for_final_area_inference
Psicologia,RBR01,Diversificar o uso de métricas quantitativas para além do veículo de publicação.,2017-2020,1,2017–2020,,,,,,,,,,,,,,,,,not_analyzed,Ainda não analisado nesta camada,not_analyzed,Ainda não analisado,not_analyzed,FALSE,FALSE,FALSE,FALSE,FALSE
Psicologia,RBR01,Diversificar o uso de métricas quantitativas para além do veículo de publicação.,2021-2024,2,2021–2024,,,,,,,,,,,,,,,,,not_analyzed,Ainda não analisado nesta camada,not_analyzed,Ainda não analisado,not_analyzed,FALSE,FALSE,FALSE,FALSE,FALSE
Psicologia,RBR01,Diversificar o uso de métricas quantitativas para além do veículo de publicação.,2025-2028,3,2025–2028,CAPES_213,psico-ficha.pdf,Psicologia__2025-2028__CAPES_213__CH0006,6,18,21,0,0,0,0,0,0,0,no_candidate,no_candidate_in_selected_chunk,Nenhuma evidência candidata neste chunk do piloto,selected_chunk_screened,Trecho selecionado analisado,screened_no_candidate,Nenhuma evidência candidata no trecho analisado,selected_chunk_only,FALSE,FALSE,FALSE,FALSE,FALSE
Psicologia,RBR02,Enfatizar a avaliação qualitativa da produção científica do programa.,2017-2020,1,2017–2020,,,,,,,,,,,,,,,,,not_analyzed,Ainda não analisado nesta camada,not_analyzed,Ainda não analisado,not_analyzed,FALSE,FALSE,FALSE,FALSE,FALSE
Psicologia,RBR02,Enfatizar a avaliação qualitativa da produção científica do programa.,2021-2024,2,2021–2024,,,,,,,,,,,,,,,,,not_analyzed,Ainda não analisado nesta camada,not_analyzed,Ainda não analisado,not_analyzed,FALSE,FALSE,FALSE,FALSE,FALSE
Psicologia,RBR02,Enfatizar a avaliação qualitativa da produção científica do programa.,2025-2028,3,2025–2028,CAPES_213,psico-ficha.pdf,Psicologia__2025-2028__CAPES_213__CH0006,6,18,21,3,2,0,1,0,0,3,pro_plus_adjacent,candidate_evidence_present,Há evidência candidata no chunk selecionado,selected_chunk_screened,Trecho selecionado analisado,candidate_evidence_present,Há evidência candidata no trecho analisado,selected_chunk_only,FALSE,FALSE,FALSE,FALSE,FALSE
Psicologia,RBR03,"Valorizar a disponibilização de artigos, teses e dissertações em acesso aberto.",2017-2020,1,2017–2020,,,,,,,,,,,,,,,,,not_analyzed,Ainda não analisado nesta camada,not_analyzed,Ainda não analisado,not_analyzed,FALSE,FALSE,FALSE,FALSE,FALSE
Psicologia,RBR03,"Valorizar a disponibilização de artigos, teses e dissertações em acesso aberto.",2021-2024,2,2021–2024,,,,,,,,,,,,,,,,,not_analyzed,Ainda não analisado nesta camada,not_analyzed,Ainda não analisado,not_analyzed,FALSE,FALSE,FALSE,FALSE,FALSE
Psicologia,RBR03,"Valorizar a disponibilização de artigos, teses e dissertações em acesso aberto.",2025-2028,3,2025–2028,CAPES_213,psico-ficha.pdf,Psicologia__2025-2028__CAPES_213__CH0006,6,18,21,0,0,0,0,0,0,0,no_candidate,no_candidate_in_selected_chunk,Nenhuma evidência candidata neste chunk do piloto,selected_chunk_screened,Trecho selecionado analisado,screened_no_candidate,Nenhuma evidência candidata no trecho analisado,selected_chunk_only,FALSE,FALSE,FALSE,FALSE,FALSE
Psicologia,RBR04,"Valorizar o compartilhamento de dados, materiais, códigos e outros produtos de pesquisa.",2017-2020,1,2017–2020,,,,,,,,,,,,,,,,,not_analyzed,Ainda não analisado nesta camada,not_analyzed,Ainda não analisado,not_analyzed,FALSE,FALSE,FALSE,FALSE,FALSE
Psicologia,RBR04,"Valorizar o compartilhamento de dados, materiais, códigos e outros produtos de pesquisa.",2021-2024,2,2021–2024,,,,,,,,,,,,,,,,,not_analyzed,Ainda não analisado nesta camada,not_analyzed,Ainda não analisado,not_analyzed,FALSE,FALSE,FALSE,FALSE,FALSE
Psicologia,RBR04,"Valorizar o compartilhamento de dados, materiais, códigos e outros produtos de pesquisa.",2025-2028,3,2025–2028,CAPES_213,psico-ficha.pdf,Psicologia__2025-2028__CAPES_213__CH0006,6,18,21,0,0,0,0,0,0,0,no_candidate,no_candidate_in_selected_chunk,Nenhuma evidência candidata neste chunk do piloto,selected_chunk_screened,Trecho selecionado analisado,screened_no_candidate,Nenhuma evidência candidata no trecho analisado,selected_chunk_only,FALSE,FALSE,FALSE,FALSE,FALSE
Psicologia,RBR05,Valorizar o treinamento em metodologia científica e práticas abertas e reprodutíveis.,2017-2020,1,2017–2020,,,,,,,,,,,,,,,,,not_analyzed,Ainda não analisado nesta camada,not_analyzed,Ainda não analisado,not_analyzed,FALSE,FALSE,FALSE,FALSE,FALSE
Psicologia,RBR05,Valorizar o treinamento em metodologia científica e práticas abertas e reprodutíveis.,2021-2024,2,2021–2024,,,,,,,,,,,,,,,,,not_analyzed,Ainda não analisado nesta camada,not_analyzed,Ainda não analisado,not_analyzed,FALSE,FALSE,FALSE,FALSE,FALSE
Psicologia,RBR05,Valorizar o treinamento em metodologia científica e práticas abertas e reprodutíveis.,2025-2028,3,2025–2028,CAPES_213,psico-ficha.pdf,Psicologia__2025-2028__CAPES_213__CH0006,6,18,21,0,0,0,0,0,0,0,no_candidate,no_candidate_in_selected_chunk,Nenhuma evidência candidata neste chunk do piloto,selected_chunk_screened,Trecho selecionado analisado,screened_no_candidate,Nenhuma evidência candidata no trecho analisado,selected_chunk_only,FALSE,FALSE,FALSE,FALSE,FALSE
Psicologia,RBR06,"Valorizar a existência de políticas de integridade científica, gestão de dados e/ou ciência aberta no programa.",2017-2020,1,2017–2020,,,,,,,,,,,,,,,,,not_analyzed,Ainda não analisado nesta camada,not_analyzed,Ainda não analisado,not_analyzed,FALSE,FALSE,FALSE,FALSE,FALSE
Psicologia,RBR06,"Valorizar a existência de políticas de integridade científica, gestão de dados e/ou ciência aberta no programa.",2021-2024,2,2021–2024,,,,,,,,,,,,,,,,,not_analyzed,Ainda não analisado nesta camada,not_analyzed,Ainda não analisado,not_analyzed,FALSE,FALSE,FALSE,FALSE,FALSE
Psicologia,RBR06,"Valorizar a existência de políticas de integridade científica, gestão de dados e/ou ciência aberta no programa.",2025-2028,3,2025–2028,CAPES_213,psico-ficha.pdf,Psicologia__2025-2028__CAPES_213__CH0006,6,18,21,0,0,0,0,0,0,0,no_candidate,no_candidate_in_selected_chunk,Nenhuma evidência candidata neste chunk do piloto,selected_chunk_screened,Trecho selecionado analisado,screened_no_candidate,Nenhuma evidência candidata no trecho analisado,selected_chunk_only,FALSE,FALSE,FALSE,FALSE,FALSE
Psicologia,RBR07,Valorizar a abertura de contribuições educacionais do programa para além de seu corpo discente.,2017-2020,1,2017–2020,,,,,,,,,,,,,,,,,not_analyzed,Ainda não analisado nesta camada,not_analyzed,Ainda não analisado,not_analyzed,FALSE,FALSE,FALSE,FALSE,FALSE
Psicologia,RBR07,Valorizar a abertura de contribuições educacionais do programa para além de seu corpo discente.,2021-2024,2,2021–2024,,,,,,,,,,,,,,,,,not_analyzed,Ainda não analisado nesta camada,not_analyzed,Ainda não analisado,not_analyzed,FALSE,FALSE,FALSE,FALSE,FALSE
Psicologia,RBR07,Valorizar a abertura de contribuições educacionais do programa para além de seu corpo discente.,2025-2028,3,2025–2028,CAPES_213,psico-ficha.pdf,Psicologia__2025-2028__CAPES_213__CH0006,6,18,21,1,1,0,0,0,0,1,pro_only,candidate_evidence_present,Há evidência candidata no chunk selecionado,selected_chunk_screened,Trecho selecionado analisado,candidate_evidence_present,Há evidência candidata no trecho analisado,selected_chunk_only,FALSE,FALSE,FALSE,FALSE,FALSE
Psicologia,RBR08,Valorizar contribuições de docentes e egressos para além da produção científica.,2017-2020,1,2017–2020,,,,,,,,,,,,,,,,,not_analyzed,Ainda não analisado nesta camada,not_analyzed,Ainda não analisado,not_analyzed,FALSE,FALSE,FALSE,FALSE,FALSE
Psicologia,RBR08,Valorizar contribuições de docentes e egressos para além da produção científica.,2021-2024,2,2021–2024,,,,,,,,,,,,,,,,,not_analyzed,Ainda não analisado nesta camada,not_analyzed,Ainda não analisado,not_analyzed,FALSE,FALSE,FALSE,FALSE,FALSE
Psicologia,RBR08,Valorizar contribuições de docentes e egressos para além da produção científica.,2025-2028,3,2025–2028,CAPES_213,psico-ficha.pdf,Psicologia__2025-2028__CAPES_213__CH0006,6,18,21,2,2,0,0,0,0,2,pro_only,candidate_evidence_present,Há evidência candidata no chunk selecionado,selected_chunk_screened,Trecho selecionado analisado,candidate_evidence_present,Há evidência candidata no trecho analisado,selected_chunk_only,FALSE,FALSE,FALSE,FALSE,FALSE
Química,RBR01,Diversificar o uso de métricas quantitativas para além do veículo de publicação.,2017-2020,1,2017–2020,,,,,,,,,,,,,,,,,not_analyzed,Ainda não analisado nesta camada,not_analyzed,Ainda não analisado,not_analyzed,FALSE,FALSE,FALSE,FALSE,FALSE
Química,RBR01,Diversificar o uso de métricas quantitativas para além do veículo de publicação.,2021-2024,2,2021–2024,,,,,,,,,,,,,,,,,not_analyzed,Ainda não analisado nesta camada,not_analyzed,Ainda não analisado,not_analyzed,FALSE,FALSE,FALSE,FALSE,FALSE
Química,RBR01,Diversificar o uso de métricas quantitativas para além do veículo de publicação.,2025-2028,3,2025–2028,CAPES_106,quimica-ficha.pdf,Química__2025-2028__CAPES_106__CH0002,2,5,8,2,0,2,0,0,0,2,contra_only,candidate_evidence_present,Há evidência candidata no chunk selecionado,selected_chunk_screened,Trecho selecionado analisado,candidate_evidence_present,Há evidência candidata no trecho analisado,selected_chunk_only,FALSE,FALSE,FALSE,FALSE,FALSE
Química,RBR02,Enfatizar a avaliação qualitativa da produção científica do programa.,2017-2020,1,2017–2020,,,,,,,,,,,,,,,,,not_analyzed,Ainda não analisado nesta camada,not_analyzed,Ainda não analisado,not_analyzed,FALSE,FALSE,FALSE,FALSE,FALSE
Química,RBR02,Enfatizar a avaliação qualitativa da produção científica do programa.,2021-2024,2,2021–2024,,,,,,,,,,,,,,,,,not_analyzed,Ainda não analisado nesta camada,not_analyzed,Ainda não analisado,not_analyzed,FALSE,FALSE,FALSE,FALSE,FALSE
Química,RBR02,Enfatizar a avaliação qualitativa da produção científica do programa.,2025-2028,3,2025–2028,CAPES_106,quimica-ficha.pdf,Química__2025-2028__CAPES_106__CH0002,2,5,8,2,1,0,1,0,0,2,pro_plus_adjacent,candidate_evidence_present,Há evidência candidata no chunk selecionado,selected_chunk_screened,Trecho selecionado analisado,candidate_evidence_present,Há evidência candidata no trecho analisado,selected_chunk_only,FALSE,FALSE,FALSE,FALSE,FALSE
Química,RBR03,"Valorizar a disponibilização de artigos, teses e dissertações em acesso aberto.",2017-2020,1,2017–2020,,,,,,,,,,,,,,,,,not_analyzed,Ainda não analisado nesta camada,not_analyzed,Ainda não analisado,not_analyzed,FALSE,FALSE,FALSE,FALSE,FALSE
Química,RBR03,"Valorizar a disponibilização de artigos, teses e dissertações em acesso aberto.",2021-2024,2,2021–2024,,,,,,,,,,,,,,,,,not_analyzed,Ainda não analisado nesta camada,not_analyzed,Ainda não analisado,not_analyzed,FALSE,FALSE,FALSE,FALSE,FALSE
Química,RBR03,"Valorizar a disponibilização de artigos, teses e dissertações em acesso aberto.",2025-2028,3,2025–2028,CAPES_106,quimica-ficha.pdf,Química__2025-2028__CAPES_106__CH0002,2,5,8,0,0,0,0,0,0,0,no_candidate,no_candidate_in_selected_chunk,Nenhuma evidência candidata neste chunk do piloto,selected_chunk_screened,Trecho selecionado analisado,screened_no_candidate,Nenhuma evidência candidata no trecho analisado,selected_chunk_only,FALSE,FALSE,FALSE,FALSE,FALSE
Química,RBR04,"Valorizar o compartilhamento de dados, materiais, códigos e outros produtos de pesquisa.",2017-2020,1,2017–2020,,,,,,,,,,,,,,,,,not_analyzed,Ainda não analisado nesta camada,not_analyzed,Ainda não analisado,not_analyzed,FALSE,FALSE,FALSE,FALSE,FALSE
Química,RBR04,"Valorizar o compartilhamento de dados, materiais, códigos e outros produtos de pesquisa.",2021-2024,2,2021–2024,,,,,,,,,,,,,,,,,not_analyzed,Ainda não analisado nesta camada,not_analyzed,Ainda não analisado,not_analyzed,FALSE,FALSE,FALSE,FALSE,FALSE
Química,RBR04,"Valorizar o compartilhamento de dados, materiais, códigos e outros produtos de pesquisa.",2025-2028,3,2025–2028,CAPES_106,quimica-ficha.pdf,Química__2025-2028__CAPES_106__CH0002,2,5,8,0,0,0,0,0,0,0,no_candidate,no_candidate_in_selected_chunk,Nenhuma evidência candidata neste chunk do piloto,selected_chunk_screened,Trecho selecionado analisado,screened_no_candidate,Nenhuma evidência candidata no trecho analisado,selected_chunk_only,FALSE,FALSE,FALSE,FALSE,FALSE
Química,RBR05,Valorizar o treinamento em metodologia científica e práticas abertas e reprodutíveis.,2017-2020,1,2017–2020,,,,,,,,,,,,,,,,,not_analyzed,Ainda não analisado nesta camada,not_analyzed,Ainda não analisado,not_analyzed,FALSE,FALSE,FALSE,FALSE,FALSE
Química,RBR05,Valorizar o treinamento em metodologia científica e práticas abertas e reprodutíveis.,2021-2024,2,2021–2024,,,,,,,,,,,,,,,,,not_analyzed,Ainda não analisado nesta camada,not_analyzed,Ainda não analisado,not_analyzed,FALSE,FALSE,FALSE,FALSE,FALSE
Química,RBR05,Valorizar o treinamento em metodologia científica e práticas abertas e reprodutíveis.,2025-2028,3,2025–2028,CAPES_106,quimica-ficha.pdf,Química__2025-2028__CAPES_106__CH0002,2,5,8,0,0,0,0,0,0,0,no_candidate,no_candidate_in_selected_chunk,Nenhuma evidência candidata neste chunk do piloto,selected_chunk_screened,Trecho selecionado analisado,screened_no_candidate,Nenhuma evidência candidata no trecho analisado,selected_chunk_only,FALSE,FALSE,FALSE,FALSE,FALSE
Química,RBR06,"Valorizar a existência de políticas de integridade científica, gestão de dados e/ou ciência aberta no programa.",2017-2020,1,2017–2020,,,,,,,,,,,,,,,,,not_analyzed,Ainda não analisado nesta camada,not_analyzed,Ainda não analisado,not_analyzed,FALSE,FALSE,FALSE,FALSE,FALSE
Química,RBR06,"Valorizar a existência de políticas de integridade científica, gestão de dados e/ou ciência aberta no programa.",2021-2024,2,2021–2024,,,,,,,,,,,,,,,,,not_analyzed,Ainda não analisado nesta camada,not_analyzed,Ainda não analisado,not_analyzed,FALSE,FALSE,FALSE,FALSE,FALSE
Química,RBR06,"Valorizar a existência de políticas de integridade científica, gestão de dados e/ou ciência aberta no programa.",2025-2028,3,2025–2028,CAPES_106,quimica-ficha.pdf,Química__2025-2028__CAPES_106__CH0002,2,5,8,1,0,0,1,0,0,1,adjacent_only,candidate_evidence_present,Há evidência candidata no chunk selecionado,selected_chunk_screened,Trecho selecionado analisado,candidate_evidence_present,Há evidência candidata no trecho analisado,selected_chunk_only,FALSE,FALSE,FALSE,FALSE,FALSE
Química,RBR07,Valorizar a abertura de contribuições educacionais do programa para além de seu corpo discente.,2017-2020,1,2017–2020,,,,,,,,,,,,,,,,,not_analyzed,Ainda não analisado nesta camada,not_analyzed,Ainda não analisado,not_analyzed,FALSE,FALSE,FALSE,FALSE,FALSE
Química,RBR07,Valorizar a abertura de contribuições educacionais do programa para além de seu corpo discente.,2021-2024,2,2021–2024,,,,,,,,,,,,,,,,,not_analyzed,Ainda não analisado nesta camada,not_analyzed,Ainda não analisado,not_analyzed,FALSE,FALSE,FALSE,FALSE,FALSE
Química,RBR07,Valorizar a abertura de contribuições educacionais do programa para além de seu corpo discente.,2025-2028,3,2025–2028,CAPES_106,quimica-ficha.pdf,Química__2025-2028__CAPES_106__CH0002,2,5,8,0,0,0,0,0,0,0,no_candidate,no_candidate_in_selected_chunk,Nenhuma evidência candidata neste chunk do piloto,selected_chunk_screened,Trecho selecionado analisado,screened_no_candidate,Nenhuma evidência candidata no trecho analisado,selected_chunk_only,FALSE,FALSE,FALSE,FALSE,FALSE
Química,RBR08,Valorizar contribuições de docentes e egressos para além da produção científica.,2017-2020,1,2017–2020,,,,,,,,,,,,,,,,,not_analyzed,Ainda não analisado nesta camada,not_analyzed,Ainda não analisado,not_analyzed,FALSE,FALSE,FALSE,FALSE,FALSE
Química,RBR08,Valorizar contribuições de docentes e egressos para além da produção científica.,2021-2024,2,2021–2024,,,,,,,,,,,,,,,,,not_analyzed,Ainda não analisado nesta camada,not_analyzed,Ainda não analisado,not_analyzed,FALSE,FALSE,FALSE,FALSE,FALSE
Química,RBR08,Valorizar contribuições de docentes e egressos para além da produção científica.,2025-2028,3,2025–2028,CAPES_106,quimica-ficha.pdf,Química__2025-2028__CAPES_106__CH0002,2,5,8,1,0,0,1,0,0,1,adjacent_only,candidate_evidence_present,Há evidência candidata no chunk selecionado,selected_chunk_screened,Trecho selecionado analisado,candidate_evidence_present,Há evidência candidata no trecho analisado,selected_chunk_only,FALSE,FALSE,FALSE,FALSE,FALSE
Saúde Coletiva,RBR01,Diversificar o uso de métricas quantitativas para além do veículo de publicação.,2017-2020,1,2017–2020,,,,,,,,,,,,,,,,,not_analyzed,Ainda não analisado nesta camada,not_analyzed,Ainda não analisado,not_analyzed,FALSE,FALSE,FALSE,FALSE,FALSE
Saúde Coletiva,RBR01,Diversificar o uso de métricas quantitativas para além do veículo de publicação.,2021-2024,2,2021–2024,,,,,,,,,,,,,,,,,not_analyzed,Ainda não analisado nesta camada,not_analyzed,Ainda não analisado,not_analyzed,FALSE,FALSE,FALSE,FALSE,FALSE
Saúde Coletiva,RBR01,Diversificar o uso de métricas quantitativas para além do veículo de publicação.,2025-2028,3,2025–2028,CAPES_081,saudecoletiva-ficha.pdf,Saúde Coletiva__2025-2028__CAPES_081__CH0012,12,37,39,2,0,2,0,0,0,2,contra_only,candidate_evidence_present,Há evidência candidata no chunk selecionado,selected_chunk_screened,Trecho selecionado analisado,candidate_evidence_present,Há evidência candidata no trecho analisado,selected_chunk_only,FALSE,FALSE,FALSE,FALSE,FALSE
Saúde Coletiva,RBR02,Enfatizar a avaliação qualitativa da produção científica do programa.,2017-2020,1,2017–2020,,,,,,,,,,,,,,,,,not_analyzed,Ainda não analisado nesta camada,not_analyzed,Ainda não analisado,not_analyzed,FALSE,FALSE,FALSE,FALSE,FALSE
Saúde Coletiva,RBR02,Enfatizar a avaliação qualitativa da produção científica do programa.,2021-2024,2,2021–2024,,,,,,,,,,,,,,,,,not_analyzed,Ainda não analisado nesta camada,not_analyzed,Ainda não analisado,not_analyzed,FALSE,FALSE,FALSE,FALSE,FALSE
Saúde Coletiva,RBR02,Enfatizar a avaliação qualitativa da produção científica do programa.,2025-2028,3,2025–2028,CAPES_081,saudecoletiva-ficha.pdf,Saúde Coletiva__2025-2028__CAPES_081__CH0012,12,37,39,4,4,0,0,0,0,3,pro_only,candidate_evidence_present,Há evidência candidata no chunk selecionado,selected_chunk_screened,Trecho selecionado analisado,candidate_evidence_present,Há evidência candidata no trecho analisado,selected_chunk_only,FALSE,FALSE,FALSE,FALSE,FALSE
Saúde Coletiva,RBR03,"Valorizar a disponibilização de artigos, teses e dissertações em acesso aberto.",2017-2020,1,2017–2020,,,,,,,,,,,,,,,,,not_analyzed,Ainda não analisado nesta camada,not_analyzed,Ainda não analisado,not_analyzed,FALSE,FALSE,FALSE,FALSE,FALSE
Saúde Coletiva,RBR03,"Valorizar a disponibilização de artigos, teses e dissertações em acesso aberto.",2021-2024,2,2021–2024,,,,,,,,,,,,,,,,,not_analyzed,Ainda não analisado nesta camada,not_analyzed,Ainda não analisado,not_analyzed,FALSE,FALSE,FALSE,FALSE,FALSE
Saúde Coletiva,RBR03,"Valorizar a disponibilização de artigos, teses e dissertações em acesso aberto.",2025-2028,3,2025–2028,CAPES_081,saudecoletiva-ficha.pdf,Saúde Coletiva__2025-2028__CAPES_081__CH0012,12,37,39,0,0,0,0,0,0,0,no_candidate,no_candidate_in_selected_chunk,Nenhuma evidência candidata neste chunk do piloto,selected_chunk_screened,Trecho selecionado analisado,screened_no_candidate,Nenhuma evidência candidata no trecho analisado,selected_chunk_only,FALSE,FALSE,FALSE,FALSE,FALSE
Saúde Coletiva,RBR04,"Valorizar o compartilhamento de dados, materiais, códigos e outros produtos de pesquisa.",2017-2020,1,2017–2020,,,,,,,,,,,,,,,,,not_analyzed,Ainda não analisado nesta camada,not_analyzed,Ainda não analisado,not_analyzed,FALSE,FALSE,FALSE,FALSE,FALSE
Saúde Coletiva,RBR04,"Valorizar o compartilhamento de dados, materiais, códigos e outros produtos de pesquisa.",2021-2024,2,2021–2024,,,,,,,,,,,,,,,,,not_analyzed,Ainda não analisado nesta camada,not_analyzed,Ainda não analisado,not_analyzed,FALSE,FALSE,FALSE,FALSE,FALSE
Saúde Coletiva,RBR04,"Valorizar o compartilhamento de dados, materiais, códigos e outros produtos de pesquisa.",2025-2028,3,2025–2028,CAPES_081,saudecoletiva-ficha.pdf,Saúde Coletiva__2025-2028__CAPES_081__CH0012,12,37,39,0,0,0,0,0,0,0,no_candidate,no_candidate_in_selected_chunk,Nenhuma evidência candidata neste chunk do piloto,selected_chunk_screened,Trecho selecionado analisado,screened_no_candidate,Nenhuma evidência candidata no trecho analisado,selected_chunk_only,FALSE,FALSE,FALSE,FALSE,FALSE
Saúde Coletiva,RBR05,Valorizar o treinamento em metodologia científica e práticas abertas e reprodutíveis.,2017-2020,1,2017–2020,,,,,,,,,,,,,,,,,not_analyzed,Ainda não analisado nesta camada,not_analyzed,Ainda não analisado,not_analyzed,FALSE,FALSE,FALSE,FALSE,FALSE
Saúde Coletiva,RBR05,Valorizar o treinamento em metodologia científica e práticas abertas e reprodutíveis.,2021-2024,2,2021–2024,,,,,,,,,,,,,,,,,not_analyzed,Ainda não analisado nesta camada,not_analyzed,Ainda não analisado,not_analyzed,FALSE,FALSE,FALSE,FALSE,FALSE
Saúde Coletiva,RBR05,Valorizar o treinamento em metodologia científica e práticas abertas e reprodutíveis.,2025-2028,3,2025–2028,CAPES_081,saudecoletiva-ficha.pdf,Saúde Coletiva__2025-2028__CAPES_081__CH0012,12,37,39,0,0,0,0,0,0,0,no_candidate,no_candidate_in_selected_chunk,Nenhuma evidência candidata neste chunk do piloto,selected_chunk_screened,Trecho selecionado analisado,screened_no_candidate,Nenhuma evidência candidata no trecho analisado,selected_chunk_only,FALSE,FALSE,FALSE,FALSE,FALSE
Saúde Coletiva,RBR06,"Valorizar a existência de políticas de integridade científica, gestão de dados e/ou ciência aberta no programa.",2017-2020,1,2017–2020,,,,,,,,,,,,,,,,,not_analyzed,Ainda não analisado nesta camada,not_analyzed,Ainda não analisado,not_analyzed,FALSE,FALSE,FALSE,FALSE,FALSE
Saúde Coletiva,RBR06,"Valorizar a existência de políticas de integridade científica, gestão de dados e/ou ciência aberta no programa.",2021-2024,2,2021–2024,,,,,,,,,,,,,,,,,not_analyzed,Ainda não analisado nesta camada,not_analyzed,Ainda não analisado,not_analyzed,FALSE,FALSE,FALSE,FALSE,FALSE
Saúde Coletiva,RBR06,"Valorizar a existência de políticas de integridade científica, gestão de dados e/ou ciência aberta no programa.",2025-2028,3,2025–2028,CAPES_081,saudecoletiva-ficha.pdf,Saúde Coletiva__2025-2028__CAPES_081__CH0012,12,37,39,0,0,0,0,0,0,0,no_candidate,no_candidate_in_selected_chunk,Nenhuma evidência candidata neste chunk do piloto,selected_chunk_screened,Trecho selecionado analisado,screened_no_candidate,Nenhuma evidência candidata no trecho analisado,selected_chunk_only,FALSE,FALSE,FALSE,FALSE,FALSE
Saúde Coletiva,RBR07,Valorizar a abertura de contribuições educacionais do programa para além de seu corpo discente.,2017-2020,1,2017–2020,,,,,,,,,,,,,,,,,not_analyzed,Ainda não analisado nesta camada,not_analyzed,Ainda não analisado,not_analyzed,FALSE,FALSE,FALSE,FALSE,FALSE
Saúde Coletiva,RBR07,Valorizar a abertura de contribuições educacionais do programa para além de seu corpo discente.,2021-2024,2,2021–2024,,,,,,,,,,,,,,,,,not_analyzed,Ainda não analisado nesta camada,not_analyzed,Ainda não analisado,not_analyzed,FALSE,FALSE,FALSE,FALSE,FALSE
Saúde Coletiva,RBR07,Valorizar a abertura de contribuições educacionais do programa para além de seu corpo discente.,2025-2028,3,2025–2028,CAPES_081,saudecoletiva-ficha.pdf,Saúde Coletiva__2025-2028__CAPES_081__CH0012,12,37,39,0,0,0,0,0,0,0,no_candidate,no_candidate_in_selected_chunk,Nenhuma evidência candidata neste chunk do piloto,selected_chunk_screened,Trecho selecionado analisado,screened_no_candidate,Nenhuma evidência candidata no trecho analisado,selected_chunk_only,FALSE,FALSE,FALSE,FALSE,FALSE
Saúde Coletiva,RBR08,Valorizar contribuições de docentes e egressos para além da produção científica.,2017-2020,1,2017–2020,,,,,,,,,,,,,,,,,not_analyzed,Ainda não analisado nesta camada,not_analyzed,Ainda não analisado,not_analyzed,FALSE,FALSE,FALSE,FALSE,FALSE
Saúde Coletiva,RBR08,Valorizar contribuições de docentes e egressos para além da produção científica.,2021-2024,2,2021–2024,,,,,,,,,,,,,,,,,not_analyzed,Ainda não analisado nesta camada,not_analyzed,Ainda não analisado,not_analyzed,FALSE,FALSE,FALSE,FALSE,FALSE
Saúde Coletiva,RBR08,Valorizar contribuições de docentes e egressos para além da produção científica.,2025-2028,3,2025–2028,CAPES_081,saudecoletiva-ficha.pdf,Saúde Coletiva__2025-2028__CAPES_081__CH0012,12,37,39,2,2,0,0,0,0,2,pro_only,candidate_evidence_present,Há evidência candidata no chunk selecionado,selected_chunk_screened,Trecho selecionado analisado,candidate_evidence_present,Há evidência candidata no trecho analisado,selected_chunk_only,FALSE,FALSE,FALSE,FALSE,FALSE
