finding_id,area,cycle,recommendation_id,recommendation_label,subcriterion_id,subcriterion_label,subcriterion_text,evidence_direction,direction_label_pt,direction_short_pt,source_document_id,source_file,analysis_tier_final,chunk_id,chunk_index,evidence_page,evidence_quote,coder_rationale,confidence,machine_source_validation_pass,human_review_required,human_review_status,human_decision,human_revised_direction,human_revised_subcriterion_id,human_review_note,finding_status,final_classification,include_in_final_analysis,evidence_status_label_pt,evidence_scope,pilot_stage,not_identified_allowed,safe_for_final_area_inference,safe_for_ranking
IPILOT_001,Psicologia,2025-2028,RBR02,Enfatizar a avaliação qualitativa da produção científica do programa.,RBR02a,Produções selecionadas ou amostras,Realizar avaliação qualitativa sobre produções selecionadas pelo programa ou sobre amostras de produções.,pro_candidate,Sinal favorável,Favorável,CAPES_213,psico-ficha.pdf,primary_longitudinal,Psicologia__2025-2028__CAPES_213__CH0006,6,18,"Programa como sendo os que o melhor represente sua missão, objetivos e planejamento estratégico.","O contexto estabelece que o Programa seleciona produtos considerados representativos de sua missão, objetivos e planejamento estratégico, constituindo evidência candidata de avaliação sobre produções selecionadas.",high,TRUE,TRUE,pending,,,,,candidate_only,,FALSE,Evidência candidata · revisão humana pendente,selected_chunk_only,interactive_proof_of_concept,FALSE,FALSE,FALSE
IPILOT_002,Psicologia,2025-2028,RBR02,Enfatizar a avaliação qualitativa da produção científica do programa.,RBR02b,Diversidade de produtos,"Incluir, além de artigos, produtos como preprints, produção técnica, eventos, divulgação científica e outros resultados de pesquisa.",pro_candidate,Sinal favorável,Favorável,CAPES_213,psico-ficha.pdf,primary_longitudinal,Psicologia__2025-2028__CAPES_213__CH0006,6,18,e) Produto para popularização do conhecimento.,"O produto para popularização integra uma lista mais ampla de produtos técnicos e tecnológicos reconhecidos na avaliação, indicando diversidade para além de artigos científicos.",high,TRUE,TRUE,pending,,,,,candidate_only,,FALSE,Evidência candidata · revisão humana pendente,selected_chunk_only,interactive_proof_of_concept,FALSE,FALSE,FALSE
IPILOT_006,Psicologia,2025-2028,RBR02,Enfatizar a avaliação qualitativa da produção científica do programa.,RBR02d,"Rigor, transparência e impacto","Basear a avaliação qualitativa em rigor metodológico, transparência no relato de métodos e resultados e impacto acadêmico ou social.",adjacent_candidate,Sinal adjacente,Adjacente,CAPES_213,psico-ficha.pdf,primary_longitudinal,Psicologia__2025-2028__CAPES_213__CH0006,6,19,"Cada ação indicada deve ser descrita e justificada em termos das demandas sociais, do seu potencial impacto e da relação entre produção de conhecimento e intervenção realizada.","Há consideração explícita de impacto social, mas o trecho não contempla isoladamente todos os componentes de rigor e transparência previstos no subcritério.",medium,TRUE,TRUE,pending,,,,,candidate_only,,FALSE,Evidência candidata · revisão humana pendente,selected_chunk_only,interactive_proof_of_concept,FALSE,FALSE,FALSE
IPILOT_003,Psicologia,2025-2028,RBR07,Valorizar a abertura de contribuições educacionais do programa para além de seu corpo discente.,RBR07c,"Divulgação, popularização e extensão","Reconhecer divulgação científica, popularização da ciência e extensão como formas de impacto social.",pro_candidate,Sinal favorável,Favorável,CAPES_213,psico-ficha.pdf,primary_longitudinal,Psicologia__2025-2028__CAPES_213__CH0006,6,19,c) Organização de evento de divulgação científica voltado para segmentos profissionais diversos e/ou público não especializado.,Divulgação científica dirigida a públicos profissionais e não especializados é explicitamente reconhecida como ação de inserção social.,high,TRUE,TRUE,pending,,,,,candidate_only,,FALSE,Evidência candidata · revisão humana pendente,selected_chunk_only,interactive_proof_of_concept,FALSE,FALSE,FALSE
IPILOT_004,Psicologia,2025-2028,RBR08,Valorizar contribuições de docentes e egressos para além da produção científica.,RBR08a,Revisão por pares e editoração,"Reconhecer revisão por pares, incluindo revisão pré e pós-publicação, e editoração de periódicos como contribuições.",pro_candidate,Sinal favorável,Favorável,CAPES_213,psico-ficha.pdf,primary_longitudinal,Psicologia__2025-2028__CAPES_213__CH0006,6,20,"c) Atuação como editor/a chefe, editor associado/a ou equivalente, bem como em conselhos editoriais de publicações estrangeiras.",A atuação editorial é explicitamente considerada na avaliação da internacionalização.,high,TRUE,TRUE,pending,,,,,candidate_only,,FALSE,Evidência candidata · revisão humana pendente,selected_chunk_only,interactive_proof_of_concept,FALSE,FALSE,FALSE
IPILOT_005,Psicologia,2025-2028,RBR08,Valorizar contribuições de docentes e egressos para além da produção científica.,RBR08c,Colaborações e sociedades científicas,Reconhecer colaborações estáveis e coordenação de sociedades científicas e outras entidades mesmo quando não resultam diretamente em autoria.,pro_candidate,Sinal favorável,Favorável,CAPES_213,psico-ficha.pdf,primary_longitudinal,Psicologia__2025-2028__CAPES_213__CH0006,6,20,"d) Participação em cargos ou funções em comitês e diretorias de associações, sociedades científicas e Programas internacionais.",O documento reconhece participação em associações e sociedades científicas como contribuição relevante.,high,TRUE,TRUE,pending,,,,,candidate_only,,FALSE,Evidência candidata · revisão humana pendente,selected_chunk_only,interactive_proof_of_concept,FALSE,FALSE,FALSE
IPILOT_007,Química,2025-2028,RBR01,Diversificar o uso de métricas quantitativas para além do veículo de publicação.,RBR01a,Evitar métricas de veículo,"Evitar o uso de métricas de veículo, como estrato Qualis ou fator de impacto, como proxy de impacto ou qualidade.",contra_candidate,Tensão,Tensão,CAPES_106,quimica-ficha.pdf,primary_longitudinal,Química__2025-2028__CAPES_106__CH0002,2,7,em periódicos qualificados (Procedimento 1) nos estratos superiores (percentil > 50%),"A avaliação vincula a produção científica à qualificação e ao percentil do periódico, prática que o subcritério RBR01a procura evitar como proxy de qualidade.",high,TRUE,TRUE,pending,,,,,candidate_only,,FALSE,Evidência candidata · revisão humana pendente,selected_chunk_only,interactive_proof_of_concept,FALSE,FALSE,FALSE
IPILOT_008,Química,2025-2028,RBR01,Diversificar o uso de métricas quantitativas para além do veículo de publicação.,RBR01e,Classificação de artigos,"Na terminologia CAPES de classificação de artigos, favorecer procedimentos baseados no artigo e minimizar procedimentos baseados no periódico.",contra_candidate,Tensão,Tensão,CAPES_106,quimica-ficha.pdf,primary_longitudinal,Química__2025-2028__CAPES_106__CH0002,2,8,IPCQ1 = (Número de artigos em revistas com percentil > 50% com coautoria de discentes e/ou egressos até 5 anos) / (M+2D),"O indicador atribui valor ao artigo a partir do percentil da revista, em vez de uma avaliação no nível da própria publicação.",high,TRUE,TRUE,pending,,,,,candidate_only,,FALSE,Evidência candidata · revisão humana pendente,selected_chunk_only,interactive_proof_of_concept,FALSE,FALSE,FALSE
IPILOT_009,Química,2025-2028,RBR02,Enfatizar a avaliação qualitativa da produção científica do programa.,RBR02a,Produções selecionadas ou amostras,Realizar avaliação qualitativa sobre produções selecionadas pelo programa ou sobre amostras de produções.,pro_candidate,Sinal favorável,Favorável,CAPES_106,quimica-ficha.pdf,primary_longitudinal,Química__2025-2028__CAPES_106__CH0002,2,8,2.1.4. (5%) Análise das 6 Teses e/ou Dissertações,O documento prevê análise de um conjunto delimitado de teses e dissertações indicadas pelo programa.,high,TRUE,TRUE,pending,,,,,candidate_only,,FALSE,Evidência candidata · revisão humana pendente,selected_chunk_only,interactive_proof_of_concept,FALSE,FALSE,FALSE
IPILOT_010,Química,2025-2028,RBR02,Enfatizar a avaliação qualitativa da produção científica do programa.,RBR02d,"Rigor, transparência e impacto","Basear a avaliação qualitativa em rigor metodológico, transparência no relato de métodos e resultados e impacto acadêmico ou social.",adjacent_candidate,Sinal adjacente,Adjacente,CAPES_106,quimica-ficha.pdf,primary_longitudinal,Química__2025-2028__CAPES_106__CH0002,2,8,Impacto na sociedade e nos 17 ODS;,"Impacto social é explicitamente incluído entre os fatores da avaliação qualitativa, mas o trecho isolado não cobre rigor metodológico e transparência.",medium,TRUE,TRUE,pending,,,,,candidate_only,,FALSE,Evidência candidata · revisão humana pendente,selected_chunk_only,interactive_proof_of_concept,FALSE,FALSE,FALSE
IPILOT_012,Química,2025-2028,RBR06,"Valorizar a existência de políticas de integridade científica, gestão de dados e/ou ciência aberta no programa.",RBR06a,Políticas de integridade e ciência aberta,"Avaliar qualitativamente políticas gerais ou específicas relacionadas a integridade, ciência aberta, acesso aberto, compartilhamento e gestão de dados ou ciência cidadã.",adjacent_candidate,Sinal adjacente,Adjacente,CAPES_106,quimica-ficha.pdf,primary_longitudinal,Química__2025-2028__CAPES_106__CH0002,2,5,"b) Normas pautadas em transparência, ética e equidade.","O trecho indica normas de governança associadas a transparência e ética, mas não explicita política de integridade científica ou ciência aberta.",medium,TRUE,TRUE,pending,,,,,candidate_only,,FALSE,Evidência candidata · revisão humana pendente,selected_chunk_only,interactive_proof_of_concept,FALSE,FALSE,FALSE
IPILOT_011,Química,2025-2028,RBR08,Valorizar contribuições de docentes e egressos para além da produção científica.,RBR08d,Prioridades sociais e ciência cidadã,"Reconhecer relação com áreas prioritárias e participação da sociedade na pesquisa, incluindo ciência cidadã quando aplicável.",adjacent_candidate,Sinal adjacente,Adjacente,CAPES_106,quimica-ficha.pdf,primary_longitudinal,Química__2025-2028__CAPES_106__CH0002,2,8,Impacto na sociedade e nos 17 ODS;,"O vínculo com ODS e impacto social é compatível com atenção a prioridades sociais, mas não demonstra por si só participação social ou ciência cidadã.",medium,TRUE,TRUE,pending,,,,,candidate_only,,FALSE,Evidência candidata · revisão humana pendente,selected_chunk_only,interactive_proof_of_concept,FALSE,FALSE,FALSE
IPILOT_019,Saúde Coletiva,2025-2028,RBR01,Diversificar o uso de métricas quantitativas para além do veículo de publicação.,RBR01a,Evitar métricas de veículo,"Evitar o uso de métricas de veículo, como estrato Qualis ou fator de impacto, como proxy de impacto ou qualidade.",contra_candidate,Tensão,Tensão,CAPES_081,saudecoletiva-ficha.pdf,primary_longitudinal,Saúde Coletiva__2025-2028__CAPES_081__CH0012,12,39,publicação (periódico ou livro) Qualificados.,A avaliação da produção bibliográfica depende explicitamente da qualificação do meio de publicação.,high,TRUE,TRUE,pending,,,,,candidate_only,,FALSE,Evidência candidata · revisão humana pendente,selected_chunk_only,interactive_proof_of_concept,FALSE,FALSE,FALSE
IPILOT_020,Saúde Coletiva,2025-2028,RBR01,Diversificar o uso de métricas quantitativas para além do veículo de publicação.,RBR01e,Classificação de artigos,"Na terminologia CAPES de classificação de artigos, favorecer procedimentos baseados no artigo e minimizar procedimentos baseados no periódico.",contra_candidate,Tensão,Tensão,CAPES_081,saudecoletiva-ficha.pdf,primary_longitudinal,Saúde Coletiva__2025-2028__CAPES_081__CH0012,12,39,publicação (periódico ou livro) Qualificados.,"O trecho indica que a qualificação do veículo permanece relevante para avaliar o produto bibliográfico, em contraste com uma avaliação predominantemente no nível da própria publicação.",high,TRUE,TRUE,pending,,,,,candidate_only,,FALSE,Evidência candidata · revisão humana pendente,selected_chunk_only,interactive_proof_of_concept,FALSE,FALSE,FALSE
IPILOT_014,Saúde Coletiva,2025-2028,RBR02,Enfatizar a avaliação qualitativa da produção científica do programa.,RBR02a,Produções selecionadas ou amostras,Realizar avaliação qualitativa sobre produções selecionadas pelo programa ou sobre amostras de produções.,pro_candidate,Sinal favorável,Favorável,CAPES_081,saudecoletiva-ficha.pdf,primary_longitudinal,Saúde Coletiva__2025-2028__CAPES_081__CH0012,12,38,como os mais relevantes do quadriênio. (70%),"O contexto da página refere-se aos oito produtos indicados de egressos como os mais relevantes do quadriênio, caracterizando seleção de produtos para avaliação qualitativa.",high,TRUE,TRUE,pending,,,,,candidate_only,,FALSE,Evidência candidata · revisão humana pendente,selected_chunk_only,interactive_proof_of_concept,FALSE,FALSE,FALSE
IPILOT_015,Saúde Coletiva,2025-2028,RBR02,Enfatizar a avaliação qualitativa da produção científica do programa.,RBR02b,Diversidade de produtos,"Incluir, além de artigos, produtos como preprints, produção técnica, eventos, divulgação científica e outros resultados de pesquisa.",pro_candidate,Sinal favorável,Favorável,CAPES_081,saudecoletiva-ficha.pdf,primary_longitudinal,Saúde Coletiva__2025-2028__CAPES_081__CH0012,12,38,16. cursos de formação profissional,O trecho integra uma lista de diferentes tipos de produtos técnico-tecnológicos reconhecidos pela avaliação.,high,TRUE,TRUE,pending,,,,,candidate_only,,FALSE,Evidência candidata · revisão humana pendente,selected_chunk_only,interactive_proof_of_concept,FALSE,FALSE,FALSE
IPILOT_017,Saúde Coletiva,2025-2028,RBR02,Enfatizar a avaliação qualitativa da produção científica do programa.,RBR02d,"Rigor, transparência e impacto","Basear a avaliação qualitativa em rigor metodológico, transparência no relato de métodos e resultados e impacto acadêmico ou social.",pro_candidate,Sinal favorável,Favorável,CAPES_081,saudecoletiva-ficha.pdf,primary_longitudinal,Saúde Coletiva__2025-2028__CAPES_081__CH0012,12,38,"inovação/lacunas preenchidas, adequação metodológica",A avaliação qualitativa explicita adequação metodológica entre os elementos usados para examinar os produtos selecionados.,high,TRUE,TRUE,pending,,,,,candidate_only,,FALSE,Evidência candidata · revisão humana pendente,selected_chunk_only,interactive_proof_of_concept,FALSE,FALSE,FALSE
IPILOT_016,Saúde Coletiva,2025-2028,RBR02,Enfatizar a avaliação qualitativa da produção científica do programa.,RBR02b,Diversidade de produtos,"Incluir, além de artigos, produtos como preprints, produção técnica, eventos, divulgação científica e outros resultados de pesquisa.",pro_candidate,Sinal favorável,Favorável,CAPES_081,saudecoletiva-ficha.pdf,primary_longitudinal,Saúde Coletiva__2025-2028__CAPES_081__CH0012,12,39,19. software / aplicativo,Software/aplicativo integra explicitamente a lista de tipos de produção técnico-tecnológica considerados pela ficha.,high,TRUE,TRUE,pending,,,,,candidate_only,,FALSE,Evidência candidata · revisão humana pendente,selected_chunk_only,interactive_proof_of_concept,FALSE,FALSE,FALSE
IPILOT_013,Saúde Coletiva,2025-2028,RBR08,Valorizar contribuições de docentes e egressos para além da produção científica.,RBR08b,Políticas científicas,"Reconhecer atuação de docentes e egressos no desenvolvimento de políticas científicas e em comissões institucionais, regionais ou nacionais.",pro_candidate,Sinal favorável,Favorável,CAPES_081,saudecoletiva-ficha.pdf,primary_longitudinal,Saúde Coletiva__2025-2028__CAPES_081__CH0012,12,37,Participação de egressos(as) em comissões/ comitês/,"O contexto continua com assessorias em políticas públicas de Saúde, Educação e Ciência & Tecnologia, indicando reconhecimento da atuação de egressos em espaços de política e governança.",high,TRUE,TRUE,pending,,,,,candidate_only,,FALSE,Evidência candidata · revisão humana pendente,selected_chunk_only,interactive_proof_of_concept,FALSE,FALSE,FALSE
IPILOT_018,Saúde Coletiva,2025-2028,RBR08,Valorizar contribuições de docentes e egressos para além da produção científica.,RBR08a,Revisão por pares e editoração,"Reconhecer revisão por pares, incluindo revisão pré e pós-publicação, e editoração de periódicos como contribuições.",pro_candidate,Sinal favorável,Favorável,CAPES_081,saudecoletiva-ficha.pdf,primary_longitudinal,Saúde Coletiva__2025-2028__CAPES_081__CH0012,12,38,17. produto de editoração,Editoração é explicitamente reconhecida como produto técnico-tecnológico relevante.,high,TRUE,TRUE,pending,,,,,candidate_only,,FALSE,Evidência candidata · revisão humana pendente,selected_chunk_only,interactive_proof_of_concept,FALSE,FALSE,FALSE
