relation_id,quesito_id,old_item_id,old_item_text,new_item_id,new_item_text,relation_category,relation_topology,safe_for_direct_weight_comparison
REL_001,1,1.1,"Articulação, aderência e atualização das áreas de concentração, linhas de pesquisa, projetos em andamento e estrutura curricular, bem como a infraestrutura disponível, em relação aos objetivos, missão e modalidade do Programa.",1.1,"Identidade e condições de funcionamento do Programa: missão, corpo docente, infraestrutura, articulação entre áreas de concentração, linhas/projetos de pesquisa e estrutura curricular",reformulated_expanded,pure_consolidation_component,false
REL_002,1,1.2,Perfil do corpo docente e sua compatibilidade e adequação à Proposta do Programa.,1.1,"Identidade e condições de funcionamento do Programa: missão, corpo docente, infraestrutura, articulação entre áreas de concentração, linhas/projetos de pesquisa e estrutura curricular",absorbed_into_new_item,pure_consolidation_component,false
REL_003,1,1.3,"Planejamento estratégico do Programa, considerando também articulações com o planejamento estratégico da instituição, com vistas à gestão do seu desenvolvimento futuro, adequação e melhorias de infraestrutura e melhor formação de seus alunos, vinculada à produção intelectual – bibliográfica, técnica e/ou artística.",1.3,"Planejamento estratégico do Programa em articulação com o Plano de Desenvolvimento Institucional ou equivalente, incluindo as políticas afirmativas e de promoção de equidade",reformulated_expanded,safe_one_to_one,true
REL_004,1,1.4,"Processos, procedimentos e resultados da autoavaliação do Programa, com foco na formação discente e produção intelectual.",1.2,"Princípios, procedimentos e usos dos resultados da autoavaliação alinhados ao planejamento estratégico do Programa",reformulated_renumbered,safe_one_to_one,true
REL_005,2,2.1,"Qualidade e adequação das teses, dissertações ou equivalente em relação às áreas de concentração e linhas de pesquisa do Programa.",2.1,"Qualidade das teses, dissertações ou equivalentes e adequação às áreas de concentração e linhas de pesquisa do Programa",retained_minor_rewording,safe_one_to_one,true
REL_006,2,2.2,Qualidade da produção intelectual de discentes e egressos.,2.3,Qualidade da produção intelectual de discentes e egressos do Programa,retained_renumbered,safe_one_to_one,true
REL_007,2,2.3,"Destino, atuação e avaliação dos egressos do Programa em relação à formação recebida.",2.2,Destino e atuação dos egressos do Programa em relação à formação recebida,retained_renumbered,safe_one_to_one,true
REL_008,2,2.4,Qualidade das atividades de pesquisa e da produção intelectual do corpo docente no Programa.,2.4,Qualidade das atividades de pesquisa e da produção intelectual do corpo docente do Programa,retained_minor_rewording,safe_one_to_one,true
REL_009,2,2.5,Qualidade e envolvimento do corpo docente em relação às atividades de formação no Programa.,,,redistributed_below_top_level,redistributed_below_top_level,false
REL_010,3,3.1,Impacto e caráter inovador da produção intelectual em função da natureza do Programa.,3.2,"Inovação, transferência e compartilhamento de conhecimento",split_reorganized_component,split_component,false
REL_011,3,3.1,Impacto e caráter inovador da produção intelectual em função da natureza do Programa.,3.3,Impactos do Programa para a sociedade,split_reorganized_component,split_component,false
REL_012,3,3.2,"Impacto econômico, social e cultural do Programa.",3.3,Impactos do Programa para a sociedade,reformulated_generalized,shared_target_component,false
REL_013,3,3.3,"Internacionalização, inserção (local, regional, nacional) e visibilidade do Programa.",3.1,"Inserção, visibilidade, popularização da ciência",reformulated_shifted_scope,safe_one_to_one,true
