area,cycle,document_type,document_title,access_type,url,note
Psicologia,2017-2020,Ficha de Avaliação,Ficha de Avaliação — ciclo 2017–2020,Página Memória da Área (CAPES),https://www.gov.br/capes/pt-br/acesso-a-informacao/acoes-e-programas/avaliacao/sobre-a-avaliacao/areas-avaliacao/sobre-as-areas-de-avaliacao/colegio-de-humanidades/ciencias-humanas/psicologia-memoria-da-area,A Ficha 2017–2020 está listada na seção Documento de área (2017 a 2020).
Psicologia,2021-2024,Ficha de Avaliação,Ficha de Avaliação — Avaliação Quadrienal 2025 (2021–2024),PDF oficial CAPES,https://www.gov.br/capes/pt-br/acesso-a-informacao/acoes-e-programas/avaliacao/sobre-a-avaliacao/areas-avaliacao/sobre-as-areas-de-avaliacao/colegio-de-humanidades/ciencias-humanas/PsicologiaFicha2025.pdf/@@display-file/file,Fonte primária usada para arquitetura e pesos do ciclo 2021–2024.
Psicologia,2025-2028,Ficha de Avaliação,Fichas de Avaliação Acadêmico e Profissional — Psicologia 2025–2028,PDF oficial CAPES,https://www.gov.br/capes/pt-br/acesso-a-informacao/acoes-e-programas/avaliacao/sobre-a-avaliacao/areas-avaliacao/sobre-as-areas-de-avaliacao/colegio-de-humanidades/ciencias-humanas/psicologia/psico-ficha.pdf/@@display-file/file,Fonte primária usada para arquitetura e pesos do ciclo 2025–2028.
Química,2017-2020,Ficha de Avaliação,Ficha de Avaliação e anexos — ciclo 2017–2020,Página Memória da Área (CAPES),https://www.gov.br/capes/pt-br/acesso-a-informacao/acoes-e-programas/avaliacao/sobre-a-avaliacao/areas-avaliacao/sobre-as-areas-de-avaliacao/colegio-de-ciencias-exatas-tecnologicas-e-multidisciplinar/ciencias-exatas-e-da-terra/quimica-memoria-da-area,A Ficha 2017–2020 está listada na seção Documento de área (2017 a 2020).
Química,2021-2024,Ficha de Avaliação,Ficha de Avaliação — Química — Avaliação Quadrienal 2025 (2021–2024),PDF oficial CAPES,https://www.gov.br/capes/pt-br/acesso-a-informacao/acoes-e-programas/avaliacao/sobre-a-avaliacao/areas-avaliacao/sobre-as-areas-de-avaliacao/colegio-de-ciencias-exatas-tecnologicas-e-multidisciplinar/ciencias-exatas-e-da-terra/QumicaFicha2025_V1.pdf/@@display-file/file,Fonte primária usada para arquitetura e pesos do ciclo 2021–2024.
Química,2025-2028,Ficha de Avaliação,Ficha de Avaliação — Química 2025–2028,PDF oficial CAPES,https://www.gov.br/capes/pt-br/acesso-a-informacao/acoes-e-programas/avaliacao/sobre-a-avaliacao/areas-avaliacao/sobre-as-areas-de-avaliacao/colegio-de-ciencias-exatas-tecnologicas-e-multidisciplinar/ciencias-exatas-e-da-terra/quimica/quimica-ficha.pdf/@@display-file/file,Fonte primária usada para arquitetura e limiares mínimos do ciclo 2025–2028.
Saúde Coletiva,2017-2020,Ficha de Avaliação,Ficha de Avaliação — ciclo 2017–2020,Página Memória da Área (CAPES),https://www.gov.br/capes/pt-br/acesso-a-informacao/acoes-e-programas/avaliacao/sobre-a-avaliacao/areas-avaliacao/sobre-as-areas-de-avaliacao/colegio-de-ciencias-da-vida/ciencias-da-saude/saude-coletiva-memoria-da-area,A Ficha 2017–2020 está listada na seção Documento de área (2017 a 2020).
Saúde Coletiva,2021-2024,Ficha de Avaliação,Ficha de Avaliação — Saúde Coletiva — Avaliação Quadrienal 2025 (2021–2024),PDF oficial CAPES,https://www.gov.br/capes/pt-br/acesso-a-informacao/acoes-e-programas/avaliacao/sobre-a-avaliacao/areas-avaliacao/sobre-as-areas-de-avaliacao/colegio-de-ciencias-da-vida/ciencias-da-saude/SadeColetivaFicha2025.pdf/@@display-file/file,Fonte primária usada para arquitetura e pesos do ciclo 2021–2024.
Saúde Coletiva,2025-2028,Ficha de Avaliação,Ficha de Avaliação — Saúde Coletiva 2025–2028,PDF oficial CAPES,https://www.gov.br/capes/pt-br/acesso-a-informacao/acoes-e-programas/avaliacao/sobre-a-avaliacao/areas-avaliacao/sobre-as-areas-de-avaliacao/colegio-de-ciencias-da-vida/ciencias-da-saude/saude-coletiva/saudecoletiva-ficha.pdf/@@display-file/file,Fonte primária usada para arquitetura e pesos do ciclo 2025–2028.
